Date,Open,High,Low,Close,Adj_Close,Volume,Empty_col_H,200_day_Price_MA,50_day_Price_MA,20_day_Price_MA,10_day_Price_MA,50_day_Volume_MA
01/04/2021
12/31/2020
12/30/2020
12/29/2020
12/28/2020
12/24/2020
12/23/2020
12/22/2020
12/21/2020
12/18/2020
12/17/2020
12/16/2020
12/15/2020
12/14/2020
12/11/2020
12/10/2020
12/09/2020
12/08/2020
12/07/2020
12/04/2020
12/03/2020
12/02/2020
12/01/2020
11/30/2020
11/27/2020
11/25/2020
11/24/2020
11/23/2020
11/20/2020
11/19/2020
11/18/2020
11/17/2020
11/16/2020
11/13/2020
11/12/2020
11/11/2020
11/10/2020
11/09/2020
11/06/2020
11/05/2020
11/04/2020
11/03/2020
11/02/2020
10/30/2020
10/29/2020
10/28/2020
10/27/2020
10/26/2020
10/23/2020
10/22/2020
10/21/2020
10/20/2020
10/19/2020
10/16/2020
10/15/2020
10/14/2020
10/13/2020
10/12/2020
10/09/2020
10/08/2020
10/07/2020
10/06/2020
10/05/2020
10/02/2020
10/01/2020
09/30/2020
09/29/2020
09/28/2020
09/25/2020
09/24/2020
09/23/2020
09/22/2020
09/21/2020
09/18/2020
09/17/2020
09/16/2020
09/15/2020
09/14/2020
09/11/2020
09/10/2020
09/09/2020
09/08/2020
09/04/2020
09/03/2020
09/02/2020
09/01/2020
08/31/2020
08/28/2020
08/27/2020
08/26/2020
08/25/2020
08/24/2020
08/21/2020
08/20/2020
08/19/2020
08/18/2020
08/17/2020
08/14/2020
08/13/2020
08/12/2020
08/11/2020
08/10/2020
08/07/2020
08/06/2020
08/05/2020
08/04/2020
08/03/2020
07/31/2020
07/30/2020
07/29/2020
07/28/2020
07/27/2020
07/24/2020
07/23/2020
07/22/2020
07/21/2020
07/20/2020
07/17/2020
07/16/2020
07/15/2020
07/14/2020
07/13/2020
07/10/2020
07/09/2020
07/08/2020
07/07/2020
07/06/2020
07/02/2020
07/01/2020
06/30/2020
06/29/2020
06/26/2020
06/25/2020
06/24/2020
06/23/2020
06/22/2020
06/19/2020
06/18/2020
06/17/2020
06/16/2020
06/15/2020
06/12/2020
06/11/2020
06/10/2020
06/09/2020
06/08/2020
06/05/2020
06/04/2020
06/03/2020
06/02/2020
06/01/2020
05/29/2020
05/28/2020
05/27/2020
05/26/2020
05/22/2020
05/21/2020
05/20/2020
05/19/2020
05/18/2020
05/15/2020
05/14/2020
05/13/2020
05/12/2020
05/11/2020
05/08/2020
05/07/2020
05/06/2020
05/05/2020
05/04/2020
05/01/2020
04/30/2020
04/29/2020
04/28/2020
04/27/2020
04/24/2020
04/23/2020
04/22/2020
04/21/2020
04/20/2020
04/17/2020
04/16/2020
04/15/2020
04/14/2020
04/13/2020
04/09/2020
04/08/2020
04/07/2020
04/06/2020
04/03/2020
04/02/2020
04/01/2020
03/31/2020
03/30/2020
03/27/2020
03/26/2020
03/25/2020
03/24/2020
03/23/2020
03/20/2020
03/19/2020
03/18/2020
03/17/2020
03/16/2020
03/13/2020
03/12/2020
03/11/2020
03/10/2020
03/09/2020
03/06/2020
03/05/2020
03/04/2020
03/03/2020
03/02/2020
02/28/2020
02/27/2020
02/26/2020
02/25/2020
02/24/2020
02/21/2020
02/20/2020
02/19/2020
02/18/2020
02/14/2020
02/13/2020
02/12/2020
02/11/2020
02/10/2020
02/07/2020
02/06/2020
02/05/2020
02/04/2020
02/03/2020
01/31/2020
01/30/2020
01/29/2020
01/28/2020
01/27/2020
01/24/2020
01/23/2020
01/22/2020
01/21/2020
01/17/2020
01/16/2020
01/15/2020
01/14/2020
01/13/2020
01/10/2020
01/09/2020
01/08/2020
01/07/2020
01/06/2020
01/03/2020
01/02/2020
12/31/2019
12/30/2019
12/27/2019
12/26/2019
12/24/2019
12/23/2019
12/20/2019
12/19/2019
12/18/2019
12/17/2019
12/16/2019
12/13/2019
12/12/2019
12/11/2019
12/10/2019
12/09/2019
12/06/2019
12/05/2019
12/04/2019
12/03/2019
12/02/2019
11/29/2019
11/27/2019
11/26/2019
11/25/2019
11/22/2019
11/21/2019
11/20/2019
11/19/2019
11/18/2019
11/15/2019
11/14/2019
11/13/2019
11/12/2019
11/11/2019
11/08/2019
11/07/2019
11/06/2019
11/05/2019
11/04/2019
11/01/2019
10/31/2019
10/30/2019
10/29/2019
10/28/2019
10/25/2019
10/24/2019
10/23/2019
10/22/2019
10/21/2019
10/18/2019
10/17/2019
10/16/2019
10/15/2019
10/14/2019
10/11/2019
10/10/2019
10/09/2019
10/08/2019
10/07/2019
10/04/2019
10/03/2019
10/02/2019
10/01/2019
09/30/2019
09/27/2019
09/26/2019
09/25/2019
09/24/2019
09/23/2019
09/20/2019
09/19/2019
09/18/2019
09/17/2019
09/16/2019
09/13/2019
09/12/2019
09/11/2019
09/10/2019
09/09/2019
09/06/2019
09/05/2019
09/04/2019
09/03/2019
08/30/2019
08/29/2019
08/28/2019
08/27/2019
08/26/2019
08/23/2019
08/22/2019
08/21/2019
08/20/2019
08/19/2019
08/16/2019
08/15/2019
08/14/2019
08/13/2019
08/12/2019
08/09/2019
08/08/2019
08/07/2019
08/06/2019
08/05/2019
08/02/2019
08/01/2019
07/31/2019
07/30/2019
07/29/2019
07/26/2019
07/25/2019
07/24/2019
07/23/2019
07/22/2019
07/19/2019
07/18/2019
07/17/2019
07/16/2019
07/15/2019
07/12/2019
07/11/2019
07/10/2019
07/09/2019
07/08/2019
07/05/2019
07/03/2019
07/02/2019
07/01/2019
06/28/2019
06/27/2019
06/26/2019,83.150002,83.690002,82.440002,82.550003,82.550003,5813800,-,80.318619,83.811598,82.524001,83.767001,6734504.0
06/25/2019,84.599998,84.690002,82.160004,82.620003,82.620003,7339900,-,80.304046,83.892378,82.329055,83.775001,6718926.0
06/24/2019,86.000000,86.849998,84.370003,84.500000,84.500000,8043300,-,80.289618,83.959991,82.246785,83.839001,6692868.0
06/21/2019,85.160004,85.750000,84.599998,85.750000,85.750000,9289800,-,80.263410,83.965272,82.118383,83.647001,6598950.0
06/20/2019,84.900002,85.669998,84.419998,85.239998,85.239998,6163800,-,80.229365,83.943160,81.951414,83.413001,6491522.0
06/19/2019,83.730003,83.900002,83.139999,83.550003,83.550003,6217700,-,80.210763,83.919281,81.837867,83.134001,6444336.0
06/18/2019,82.699997,84.650002,82.500000,84.300003,84.300003,6456500,-,80.195651,83.938178,81.830759,83.051001,6414098.0
06/17/2019,83.339996,83.459999,82.010002,82.110001,82.110001,5101900,-,80.183666,83.955437,81.746761,82.783001,6432316.0
06/14/2019,83.510002,83.860001,83.040001,83.440002,83.440002,4355600,-,80.181592,84.014102,81.858024,82.368001,6403492.0
06/13/2019,83.150002,83.919998,83.050003,83.610001,83.610001,3383400,-,80.173214,84.030013,81.888327,81.738000,6397998.0
06/12/2019,83.480003,84.019997,82.519997,82.629997,82.629997,4025900,-,80.162996,84.040530,81.896668,81.281001,6419006.0
06/11/2019,83.650002,84.339996,83.129997,83.260002,83.260002,3939400,-,80.159955,84.087798,81.937056,80.883109,6473236.0
06/10/2019,83.750000,84.199997,82.449997,82.580002,82.580002,4419800,-,80.152427,84.102123,81.889102,80.654570,6524288.0
06/07/2019,83.089996,83.680000,82.809998,83.410004,83.410004,3891100,-,80.149833,84.126658,81.945951,80.589765,6556546.0
06/06/2019,82.720001,83.059998,82.080002,82.449997,82.449997,4953000,-,80.139280,84.115645,81.912935,80.489827,6608426.0
06/05/2019,82.290001,82.900002,81.930000,82.720001,82.720001,8173200,-,80.121508,84.129617,81.917448,80.541734,6701604.0
06/04/2019,79.300003,81.650002,78.779999,81.620003,81.620003,7526800,-,80.103869,84.117246,81.896992,80.610518,6849306.0
06/03/2019,77.239998,78.580002,77.080002,77.959999,77.959999,11665500,-,80.089356,84.124083,81.982894,80.710521,7131966.0
05/31/2019,78.000000,78.260002,77.070000,77.139999,77.139999,8891100,-,80.095962,84.320198,82.358000,81.348047,7106394.0
05/30/2019,78.919998,79.730003,78.610001,79.260002,79.040001,6177800,-,80.106718,84.506385,82.752666,82.038654,7048402.0
05/29/2019,80.709999,80.860001,77.699997,78.870003,78.651085,10116900,-,80.110843,84.674517,83.083745,82.512335,7057690.0
05/28/2019,82.849998,83.190002,81.129997,81.199997,80.974609,7927300,-,80.119534,84.853020,83.530501,82.991003,7010366.0
05/24/2019,82.199997,83.169998,82.089996,82.160004,81.931953,5999000,-,80.112849,84.964710,83.882522,83.123634,7072448.0
05/23/2019,82.500000,83.059998,81.989998,82.639999,82.410622,9704200,-,80.101524,85.058648,84.189168,83.302137,7070590.0
05/22/2019,82.989998,83.339996,82.760002,83.199997,82.969063,5237800,-,80.082761,85.124266,84.434485,83.336043,6977262.0
05/21/2019,83.360001,83.800003,82.510002,83.639999,83.407845,5762500,-,80.057398,85.168742,84.693265,83.293162,6961138.0
05/20/2019,83.800003,83.800003,82.739998,82.849998,82.620033,7181900,-,80.029395,85.212221,84.882239,83.183467,6925884.0
05/17/2019,83.510002,85.519997,83.500000,84.570000,84.335258,5068200,-,79.999840,85.251113,85.107113,83.255267,6875640.0
05/16/2019,84.510002,85.400002,84.199997,84.279999,84.046066,6745200,-,79.958594,85.264875,85.337971,83.367953,6859166.0
05/15/2019,83.169998,84.489998,82.940002,84.010002,83.776817,4862200,-,79.914094,85.281827,85.559853,83.466679,6788222.0
05/14/2019,82.779999,84.000000,82.059998,83.669998,83.437759,7529200,-,79.875540,85.310348,85.748827,83.655154,6790504.0
05/13/2019,81.650002,82.629997,81.320000,82.529999,82.300926,6445200,-,79.844915,85.349639,85.906389,84.070000,6786710.0
05/10/2019,82.779999,84.269997,82.190002,83.949997,83.716980,5450500,-,79.815076,85.441982,86.091374,84.641409,6784104.0
05/09/2019,82.209999,83.010002,81.540001,82.980003,82.749680,6336600,-,79.770095,85.473095,86.143728,85.076199,6774856.0
05/08/2019,82.430000,83.989998,82.139999,82.769997,82.540253,9501300,-,79.735193,85.532308,86.238464,85.532928,6739888.0
05/07/2019,83.019997,83.629997,81.830002,82.540001,82.310898,9811300,-,79.703168,85.588348,86.313755,86.093369,6683436.0
05/06/2019,83.769997,83.870003,82.860001,83.570000,83.338036,12836600,-,79.672241,85.636443,86.422951,86.581011,6611804.0
05/03/2019,85.900002,86.300003,85.699997,85.699997,85.462120,6798300,-,79.634398,85.655839,86.514197,86.958959,6444062.0
05/02/2019,86.209999,86.279999,84.989998,85.269997,85.033318,6813700,-,79.590287,85.616639,86.493256,87.307988,6479680.0
05/01/2019,87.730003,87.949997,85.870003,85.900002,85.661575,6524600,-,79.549705,85.603721,86.453367,87.653028,6472128.0
04/30/2019,88.290001,88.400002,87.260002,87.830002,87.586212,7614100,-,79.504151,85.572866,86.377079,87.842500,6443754.0
04/29/2019,88.180000,88.510002,88.129997,88.260002,88.015022,5008400,-,79.448925,85.519632,86.247440,87.742778,6413698.0
04/26/2019,87.949997,88.940002,87.330002,88.309998,88.064880,6219600,-,79.391505,85.443896,86.045502,87.541338,6417110.0
04/25/2019,88.400002,88.540001,87.489998,87.559998,87.316963,7069900,-,79.334875,85.381487,85.832594,87.211257,6393374.0
04/24/2019,87.669998,88.820000,87.430000,88.389999,88.144661,8063000,-,79.280550,85.320310,85.609715,86.944001,6377782.0
04/23/2019,87.570000,87.669998,87.010002,87.430000,87.187325,7513700,-,79.218129,85.222088,85.359909,86.534142,6339692.0
04/22/2019,88.349998,88.639999,87.300003,87.360001,87.117516,5390500,-,79.160841,85.116754,85.105617,86.264891,6265148.0
04/18/2019,88.760002,90.000000,88.699997,89.199997,88.952408,7016600,-,79.102567,85.013413,84.847835,86.069435,6253888.0
04/17/2019,87.949997,88.970001,87.449997,88.730003,88.483719,5694900,-,79.045357,84.879740,84.788500,85.678523,6187212.0
04/16/2019,87.000000,87.949997,87.000000,87.800003,87.556297,4652700,-,78.997070,84.758425,84.686783,85.253706,6204226.0
04/15/2019,86.889999,87.239998,86.440002,86.830002,86.588989,5034900,-,78.913947,84.638351,84.681298,84.911658,6195904.0
04/12/2019,85.300003,86.489998,85.290001,86.239998,86.000626,6037000,-,78.833930,84.528074,84.730661,84.752102,6202244.0
04/11/2019,84.900002,85.050003,84.279999,85.000000,84.764069,3347400,-,78.762839,84.436926,84.758583,84.549665,6253488.0
04/10/2019,84.639999,85.010002,84.559998,84.879997,84.644402,3918400,-,78.696893,84.358572,84.851824,84.453931,6290544.0
04/09/2019,84.220001,84.599998,83.970001,84.279999,84.046066,3804500,-,78.636887,84.261525,84.904179,84.275428,6295926.0
04/08/2019,85.010002,85.290001,84.570000,84.730003,84.494820,4705800,-,78.582395,84.178434,84.961519,84.185677,6328876.0
04/05/2019,86.000000,86.160004,85.050003,85.400002,85.162956,7367400,-,78.529518,84.092137,85.015868,83.946343,6323902.0
04/04/2019,84.489998,85.379997,84.360001,85.279999,85.043289,3660700,-,78.471024,83.989095,84.985951,83.626234,6271618.0
04/03/2019,84.900002,84.989998,84.250000,84.470001,84.235542,4080900,-,78.419807,83.889640,84.984954,83.898477,6314864.0
04/02/2019,85.000000,85.260002,84.160004,84.370003,84.135818,4433800,-,78.373766,83.811314,85.017862,84.119861,6408880.0
04/01/2019,85.040001,85.320000,84.699997,85.230003,84.993431,6737400,-,78.322585,83.729014,85.071214,84.450939,6528286.0
03/29/2019,84.599998,84.849998,83.860001,84.209999,83.976257,6492000,-,78.264198,83.603302,85.091657,84.709220,6548284.0
03/28/2019,83.930000,84.720001,83.699997,84.040001,83.806732,6032700,-,78.211786,83.469089,85.238748,84.967502,6532386.0
03/27/2019,83.690002,83.800003,82.040001,83.089996,82.859367,6485100,-,78.161706,83.342245,85.312044,85.249717,6535980.0
03/26/2019,83.629997,84.089996,82.910004,83.379997,83.148560,9611900,-,78.117897,83.198739,85.454591,85.532929,6519826.0
03/25/2019,81.480003,83.220001,80.889999,82.330002,82.101479,15558300,-,78.071949,83.048455,85.564277,85.737360,6541386.0
03/22/2019,85.199997,85.900002,82.150002,82.190002,81.961868,21659800,-,78.031186,82.926672,85.694984,86.085392,6453192.0
03/21/2019,87.239998,88.120003,86.830002,88.010002,87.765717,10386900,-,77.987660,82.811062,85.812282,86.345668,6191816.0
03/20/2019,87.500000,87.580002,86.089996,86.690002,86.449379,5991500,-,77.914026,82.582161,85.599104,86.071431,6160258.0
03/19/2019,88.220001,88.589996,87.290001,87.690002,87.446602,6642200,-,77.841681,82.359495,85.496004,85.915864,6204124.0
03/18/2019,87.300003,87.839996,87.000000,87.820000,87.576241,7750700,-,77.758612,82.095598,85.329616,85.691489,6228164.0
03/15/2019,87.220001,87.610001,85.959999,86.800003,86.559074,11031400,-,77.677016,81.791311,85.197029,85.474094,6233280.0
03/14/2019,86.150002,86.879997,85.699997,86.870003,86.628883,5906100,-,77.594044,81.533428,85.080488,85.509994,6147906.0
03/13/2019,85.699997,86.660004,85.599998,85.930000,85.691490,5037800,-,77.517283,81.275740,84.996265,85.374371,6140166.0
03/12/2019,85.779999,86.080002,85.019997,85.430000,85.192871,4431600,-,77.444864,81.020885,84.924595,85.376252,6163350.0
03/11/2019,85.389999,85.940002,85.050003,85.820000,85.581795,3999800,-,77.370795,80.782567,84.826630,85.391193,6254816.0
03/08/2019,84.580002,84.879997,84.019997,84.800003,84.564629,4669700,-,77.294633,80.523341,84.643572,85.304577,6375204.0
03/07/2019,84.970001,85.410004,84.660004,85.260002,85.023346,4244500,-,77.223902,80.186783,84.512864,85.278896,6452838.0
03/06/2019,85.599998,85.989998,85.040001,85.129997,84.893707,3198000,-,77.150581,79.925994,84.375134,85.126776,6937706.0
03/05/2019,85.879997,86.250000,85.440002,85.440002,85.202850,4976300,-,77.076035,79.571515,84.251347,85.076144,7163516.0
03/04/2019,87.320000,87.989998,85.110001,85.639999,85.402290,7339500,-,77.001916,79.239499,84.068835,84.967743,7232512.0
03/01/2019,86.930000,87.989998,86.239998,87.160004,86.918076,6314900,-,76.917723,78.946862,83.852478,84.919965,7236388.0
02/28/2019,86.080002,86.400002,85.680000,85.730003,85.272652,4988100,-,76.822696,78.599042,83.578734,84.650983,7323044.0
02/27/2019,85.529999,86.220001,85.059998,86.169998,85.710304,4588200,-,76.733874,78.336451,83.357421,84.618159,7367706.0
02/26/2019,85.309998,86.080002,85.199997,85.800003,85.342278,6678700,-,76.640347,78.073063,83.061508,84.472938,7425038.0
02/25/2019,85.389999,85.730003,84.959999,85.169998,84.715637,6229700,-,76.548809,77.844688,82.788970,84.262068,7430472.0
02/22/2019,84.199997,85.019997,84.029999,84.760002,84.307823,4449500,-,76.462920,77.613926,82.562186,83.982567,7461768.0
02/21/2019,83.570000,84.150002,83.349998,83.949997,83.502144,8579200,-,76.383411,77.370233,82.347338,83.746831,7517478.0
02/20/2019,84.629997,84.949997,84.349998,84.839996,84.387390,6436100,-,76.301813,77.159165,82.175759,83.623492,7468568.0
02/19/2019,84.580002,85.050003,84.459999,84.570000,84.118835,5105900,-,76.209870,76.974157,81.972350,83.426550,7533720.0
02/15/2019,85.489998,85.779999,85.099998,85.379997,84.924515,6111300,-,76.125979,76.799494,81.767449,83.169926,7607610.0
02/14/2019,84.610001,85.139999,83.699997,84.680000,84.228249,5179000,-,76.037269,76.651488,81.456616,82.784991,7689620.0
02/13/2019,84.760002,85.589996,84.760002,85.400002,84.944412,5032800,-,75.953472,76.461308,81.108484,82.506485,7744986.0
02/12/2019,83.970001,84.839996,83.620003,84.709999,84.258095,6290300,-,75.871865,76.236911,80.734489,82.096683,7753064.0
02/11/2019,82.949997,83.830002,82.870003,83.680000,83.233582,6158500,-,75.786241,76.032589,80.305788,81.650078,7750602.0
02/08/2019,82.250000,82.720001,81.940002,82.360001,81.920624,3786500,-,75.698932,75.797781,79.925827,81.315871,7727592.0
02/07/2019,82.150002,82.849998,81.709999,82.389999,81.950462,4827500,-,75.619669,75.601530,79.630411,81.141805,7781028.0
02/06/2019,82.510002,82.709999,81.639999,82.709999,82.268761,3682800,-,75.539812,75.380485,79.341958,80.947846,7736124.0
02/05/2019,81.980003,83.190002,81.930000,82.860001,82.417961,6545600,-,75.454467,75.170527,79.044553,80.728025,7808990.0
02/04/2019,81.220001,82.000000,80.830002,81.989998,81.552605,4236600,-,75.366600,74.932793,78.689458,80.518151,7859156.0
02/01/2019,81.830002,81.900002,81.129997,81.510002,81.075165,5351900,-,75.285378,74.740134,78.324416,80.364972,7909322.0
01/31/2019,81.180000,81.949997,80.709999,81.879997,81.443184,8599200,-,75.213005,74.601056,77.888753,80.128241,7963568.0
01/30/2019,80.400002,81.290001,80.059998,81.279999,80.846390,5200200,-,75.136572,74.446486,77.499839,79.710483,7948750.0
01/29/2019,80.360001,80.830002,79.839996,80.220001,79.792046,4187500,-,75.064061,74.321107,77.144743,79.372296,8004430.0
01/28/2019,79.800003,80.510002,79.739998,80.320000,79.891518,5452000,-,74.999386,74.216816,76.802578,78.961499,8012372.0
01/25/2019,81.250000,81.330002,80.430000,80.610001,80.179962,4457100,-,74.929577,74.108551,76.471851,78.535782,8007258.0
01/24/2019,80.599998,80.870003,79.550003,80.440002,80.010872,4753200,-,74.859165,74.019509,76.093878,78.119017,8012868.0
01/23/2019,81.190002,81.400002,80.220001,80.500000,80.070549,5823000,-,74.790486,73.962014,75.480170,77.736070,8026304.0
01/22/2019,80.330002,81.309998,80.199997,80.750000,80.319221,8781700,-,74.723333,73.907094,75.075838,77.361082,8017922.0
01/18/2019,79.949997,80.970001,79.739998,80.449997,80.020813,10404100,-,74.665000,73.819432,74.418365,76.860765,7970772.0
01/17/2019,77.540001,79.400002,77.309998,79.129997,78.707855,7737300,-,74.602387,73.756779,73.847427,76.283860,7905556.0
01/16/2019,78.000000,78.849998,77.589996,77.680000,77.265602,5697100,-,74.537856,73.701543,73.450556,75.649265,7890712.0
01/15/2019,76.190002,77.980003,76.129997,77.879997,77.464523,6212400,-,74.467809,73.679317,73.063631,75.289194,7899126.0
01/14/2019,75.459999,76.809998,75.459999,76.089996,75.684074,5677400,-,74.408211,73.618403,72.797558,74.917190,7949988.0
01/11/2019,76.339996,76.889999,75.800003,76.040001,75.634346,10689900,-,74.352583,73.582585,72.640401,74.643656,8025840.0
01/10/2019,75.639999,77.339996,75.459999,76.419998,76.012314,11148600,-,74.300805,73.501745,72.554860,74.407920,8009526.0
01/09/2019,76.970001,77.150002,76.139999,76.589996,76.181404,8591000,-,74.245805,73.410967,72.413120,74.068739,7953976.0
01/08/2019,76.830002,77.400002,76.199997,76.730003,76.320663,8809000,-,74.183695,73.337236,72.210209,73.224269,7935116.0
01/07/2019,74.739998,76.360001,74.300003,75.720001,75.316055,8184800,-,74.119852,73.241282,72.041613,72.790595,7925614.0
01/04/2019,73.449997,75.120003,73.120003,74.650002,74.251762,7844200,-,74.070553,73.189816,72.032660,71.975964,7990394.0
01/03/2019,73.250000,73.320000,71.209999,72.750000,72.361900,8006500,-,74.028795,73.190380,72.089356,71.410994,7974360.0
01/02/2019,72.790001,74.639999,72.190002,74.059998,73.664902,6762700,-,73.991110,73.215056,72.347471,71.251847,7960254.0
12/31/2018,73.980003,74.459999,73.519997,74.139999,73.744476,5519100,-,73.947896,73.241241,72.400189,70.838067,7977444.0
12/28/2018,73.970001,74.459999,72.570000,73.339996,72.948738,6197000,-,73.906652,73.283288,72.399194,70.677926,8003400.0
12/27/2018,72.180000,73.730003,70.989998,73.669998,73.276985,9004900,-,73.868450,73.361086,72.453855,70.637145,8034344.0
12/26/2018,68.699997,73.010002,68.650002,73.010002,72.620506,10019200,-,73.828458,73.382930,72.364666,70.701799,7970026.0
12/24/2018,71.400002,71.930000,68.080002,68.099998,67.736702,8551400,-,73.794955,73.436152,72.339045,70.757500,7977518.0
12/21/2018,73.290001,74.290001,71.250000,72.370003,71.983925,28487900,-,73.783306,73.559281,72.497119,71.196149,8037132.0
12/20/2018,68.730003,69.570000,66.529999,67.529999,67.169746,14488500,-,73.744551,73.605995,72.486467,71.292630,7726930.0
12/19/2018,71.449997,72.000000,68.320000,68.970001,68.602058,8426100,-,73.725230,73.857685,72.654542,72.089356,7590028.0
12/18/2018,70.900002,72.410004,70.430000,71.150002,70.770432,7533300,-,73.704026,74.076961,72.820422,72.767718,7582680.0
12/17/2018,71.370003,71.769997,69.459999,69.900002,69.527100,10647700,-,73.671042,74.250687,72.987964,73.443095,7572396.0
12/14/2018,71.970001,73.650002,71.410004,72.529999,72.143066,7221200,-,73.648419,74.450470,73.197342,73.962312,7542648.0
12/13/2018,74.500000,74.589996,72.589996,72.930000,72.540932,7454800,-,73.613850,74.643949,73.319062,74.120463,7599158.0
12/12/2018,74.519997,75.279999,73.510002,74.320000,73.923523,6950400,-,73.580784,74.834826,73.420889,74.270564,7619000.0
12/11/2018,73.870003,74.570000,72.559998,73.570000,73.177521,7794500,-,73.545722,75.031572,73.448627,74.027533,7637520.0
12/10/2018,73.099998,73.709999,70.610001,72.510002,72.123184,7235000,-,73.522357,75.248395,73.576145,73.920589,7630684.0
12/07/2018,75.040001,75.970001,72.870003,73.339996,72.948738,6133700,-,73.496936,75.482734,73.826791,73.798089,7607596.0
12/06/2018,74.370003,75.570000,73.589996,75.540001,75.137009,9693700,-,73.462323,75.683902,74.045581,73.680305,7812064.0
12/04/2018,77.419998,78.400002,75.410004,75.790001,75.385674,8800400,-,73.416374,75.862923,74.085537,73.219728,7828580.0
12/03/2018,77.099998,79.000000,76.930000,77.940002,77.524208,10211800,-,73.371346,76.026657,74.160662,72.873125,7827980.0
11/30/2018,74.180000,75.480003,73.900002,75.120003,74.719261,7947300,-,73.319609,76.173009,74.081754,72.532832,7900798.0
11/29/2018,74.639999,74.949997,73.320000,74.339996,73.724579,5436700,-,73.281847,76.371889,74.153506,72.432373,7874258.0
11/28/2018,72.300003,74.760002,72.300003,74.660004,74.041946,6167200,-,73.247436,76.572019,74.188217,72.517662,7926586.0
11/27/2018,72.279999,72.550003,71.300003,72.089996,71.493210,5008000,-,73.201160,76.782264,74.180779,72.571214,7948796.0
11/26/2018,72.339996,73.000000,72.269997,72.709999,72.108078,6458300,-,73.168169,77.003815,74.185738,72.869722,7945858.0
11/23/2018,72.050003,72.519997,71.410004,71.489998,70.898186,2582300,-,73.129693,77.217630,74.154003,73.231702,7914380.0
11/21/2018,71.989998,72.900002,71.809998,72.370003,71.770897,7326100,-,73.082514,77.455246,74.233836,73.855494,7970376.0
11/20/2018,70.489998,72.070000,69.519997,71.120003,70.531242,9053900,-,73.046412,77.666086,74.221440,74.410858,7931540.0
11/19/2018,74.690002,74.750000,71.860001,72.519997,71.919647,6744900,-,73.014493,77.894380,74.332017,74.951347,7893798.0
11/16/2018,73.760002,75.519997,73.059998,74.739998,74.121277,8064200,-,72.971550,78.084395,74.450032,75.448199,7898212.0
11/15/2018,74.440002,74.669998,72.889999,74.330002,73.714668,7858300,-,72.931516,78.194674,74.423751,75.630676,7869606.0
11/14/2018,76.320000,77.489998,74.889999,75.199997,74.577469,7984200,-,72.895630,78.315069,74.486726,75.874640,7883978.0
11/13/2018,75.529999,76.269997,74.839996,75.199997,74.577469,4584600,-,72.858233,78.408688,74.550196,75.858772,7969676.0
11/12/2018,76.349998,76.769997,74.989998,75.099998,74.478287,5196300,-,72.816459,78.495959,74.663252,75.790343,8249300.0
11/09/2018,77.709999,77.769997,75.529999,76.360001,75.727875,4737600,-,72.776411,78.636784,74.657798,75.501753,8248916.0
11/08/2018,77.690002,78.160004,77.239998,77.779999,77.136108,5425000,-,72.732377,78.732782,74.635484,75.076304,8296606.0
11/07/2018,76.940002,78.230003,76.570000,77.970001,77.324539,5403900,-,72.679679,78.828118,74.473337,74.612178,8302354.0
11/06/2018,77.339996,77.580002,76.360001,76.570000,75.936127,6424200,-,72.627464,78.915530,74.323091,74.032021,8270052.0
11/05/2018,76.489998,77.769997,76.050003,77.529999,76.888176,7143300,-,72.577963,79.032096,74.513998,73.712687,8221816.0
11/02/2018,77.529999,78.589996,75.709999,76.580002,75.946045,6995100,-,72.520013,79.125663,74.647881,73.451865,8148010.0
11/01/2018,75.230003,76.839996,74.839996,76.790001,76.154305,6117800,-,72.470806,79.247174,74.823415,73.216827,8091246.0
10/31/2018,75.500000,76.339996,74.919998,75.040001,74.418793,8755500,-,72.405313,79.359178,74.991512,73.098811,8055056.0
10/30/2018,73.070000,74.639999,72.809998,74.510002,73.893181,9470000,-,72.347022,79.512026,75.361424,73.241619,8006686.0
10/29/2018,73.260002,74.010002,71.389999,72.190002,71.592384,9874200,-,72.289441,79.660152,75.771005,73.536160,8004190.0
10/26/2018,72.000000,72.709999,70.690002,72.070000,71.473381,8371100,-,72.249511,79.806213,76.379426,73.813842,7986734.0
10/25/2018,72.690002,73.500000,72.230003,73.099998,72.494850,7648000,-,72.208308,79.960591,77.006690,74.194663,7928828.0
10/24/2018,73.470001,74.610001,71.949997,72.120003,71.522972,8333900,-,72.161653,80.085042,77.573955,74.334496,7877012.0
10/23/2018,74.190002,74.379997,72.070000,73.349998,72.742783,11423800,-,72.119218,80.240209,78.148162,74.614161,7831928.0
10/22/2018,74.650002,75.209999,74.300003,74.900002,74.279953,7042500,-,72.072946,80.371177,78.715427,75.315308,7685476.0
10/19/2018,75.830002,76.050003,74.139999,74.209999,73.595665,7301200,-,72.016186,80.482878,79.180048,75.843896,7645360.0
10/18/2018,77.400002,77.410004,75.000000,75.599998,74.974152,7622200,-,71.960191,80.618750,79.742355,76.430004,7590506.0
10/17/2018,77.519997,77.800003,75.940002,76.480003,75.846870,6816900,-,71.897500,80.712016,80.226811,76.884213,7544604.0
10/16/2018,75.599998,77.650002,75.320000,77.480003,76.838593,7744200,-,NaN,80.788421,80.621021,77.481229,7516644.0
10/15/2018,75.769997,76.160004,74.970001,74.989998,74.369202,5789000,-,NaN,80.824810,81.006800,78.005849,7447372.0
10/12/2018,75.970001,76.860001,74.910004,75.910004,75.281593,10393800,-,NaN,80.895352,81.416878,78.945010,7406834.0
10/11/2018,74.769997,77.070000,73.900002,74.510002,73.893181,11532100,-,NaN,80.945865,81.792740,79.818717,7305234.0
10/10/2018,79.660004,80.040001,74.769997,74.940002,74.319618,12977800,-,NaN,81.002185,82.237031,80.813414,7212158.0
10/09/2018,80.370003,81.489998,80.160004,80.419998,79.754257,7643400,-,NaN,81.037511,82.636695,81.682162,7117914.0
10/08/2018,80.040001,80.540001,79.080002,80.230003,79.565834,8058700,-,NaN,80.945347,82.746280,82.115545,7110552.0
10/05/2018,80.089996,80.989998,79.430000,80.120003,79.456741,7019100,-,NaN,80.875353,82.839006,82.516199,7071892.0
10/04/2018,82.339996,82.480003,80.019997,80.180000,79.516243,9160300,-,NaN,80.832471,82.847931,83.054705,7065634.0
10/03/2018,81.930000,82.959999,81.750000,82.500000,81.817032,10046700,-,NaN,80.768810,82.858841,83.569409,6993276.0
10/02/2018,84.339996,84.550003,82.500000,82.769997,82.084793,8446900,-,NaN,80.626884,82.730909,83.760812,6913422.0
10/01/2018,85.099998,85.849998,84.370003,84.459999,83.760811,7876400,-,NaN,80.500574,82.573721,84.007751,6828448.0
09/28/2018,84.290001,85.269997,84.250000,84.720001,84.018661,7452700,-,NaN,80.348065,82.461657,83.888745,6775848.0
09/27/2018,83.769997,84.919998,83.730003,84.540001,83.840149,6080600,-,NaN,80.190202,82.287113,83.766763,6724296.0
09/26/2018,82.610001,84.730003,81.949997,83.699997,83.007103,16357100,-,NaN,80.028785,82.190250,83.660648,6724716.0
09/25/2018,84.860001,85.099998,84.070000,84.790001,84.088081,10519500,-,NaN,79.901441,82.124653,83.591228,6484682.0
09/24/2018,85.160004,85.260002,84.250000,84.269997,83.572380,8770400,-,NaN,79.758018,82.008469,83.377016,6369394.0
09/21/2018,86.000000,86.040001,85.010002,85.550003,84.841797,13852700,-,NaN,79.617588,81.908177,83.161813,6253248.0
09/20/2018,85.089996,85.870003,84.930000,85.370003,84.663284,6620300,-,NaN,79.451572,81.767168,82.641158,6073778.0
09/19/2018,85.690002,85.849998,84.120003,84.430000,83.731056,8053100,-,NaN,79.288928,81.621729,82.148272,6014504.0
09/18/2018,83.239998,85.349998,83.239998,85.260002,84.554192,7277700,-,NaN,79.149083,81.538236,81.701006,5979078.0
09/17/2018,83.489998,83.930000,82.940002,83.260002,82.570747,4861100,-,NaN,78.987038,81.375498,81.139691,5930952.0
09/14/2018,83.580002,83.839996,83.059998,83.489998,82.798836,4884400,-,NaN,78.848833,81.191735,81.034568,5952054.0
09/13/2018,83.209999,83.900002,83.120003,83.470001,82.779007,5382100,-,NaN,78.707452,81.011406,80.807463,5985056.0
09/12/2018,82.699997,83.040001,82.040001,83.000000,82.312897,5384300,-,NaN,78.561125,80.808326,80.719852,5993312.0
09/11/2018,83.199997,83.580002,82.550003,82.629997,81.945961,7166800,-,NaN,78.465076,80.656746,80.658079,6122966.0
09/10/2018,81.389999,82.440002,81.220001,82.099998,81.420349,6965600,-,NaN,78.402682,80.524008,80.639923,6605912.0
09/07/2018,80.010002,81.160004,80.010002,80.300003,79.635246,6633900,-,NaN,78.192909,80.446240,80.654542,6648970.0
09/06/2018,80.169998,80.839996,79.769997,80.400002,79.734428,8576900,-,NaN,78.011914,80.483942,80.893179,6668786.0
09/05/2018,79.650002,80.320000,79.300003,79.919998,79.258400,12269100,-,NaN,77.852876,80.479093,81.095187,6638700.0
09/04/2018,79.389999,80.970001,79.000000,79.599998,78.941040,18565800,-,NaN,77.699203,80.499529,81.375465,6574600.0
08/31/2018,81.250000,82.250000,81.250000,82.199997,81.519516,5177100,-,NaN,77.573246,80.485379,81.611305,6391382.0
08/30/2018,82.580002,82.760002,81.010002,81.400002,80.527786,7122100,-,NaN,77.405811,80.304218,81.348901,6398598.0
08/29/2018,82.419998,83.099998,82.220001,82.790001,81.902901,5712400,-,NaN,77.273642,80.168192,81.215350,6344654.0
08/28/2018,83.230003,83.629997,82.480003,82.580002,81.695160,3788800,-,NaN,77.104870,79.908505,80.896800,6381650.0
08/27/2018,83.040001,83.449997,82.230003,82.650002,81.764404,4012400,-,NaN,76.966964,79.628043,80.655414,6396192.0
08/24/2018,82.419998,82.879997,82.099998,82.449997,81.566536,3453000,-,NaN,76.832223,79.297126,80.408093,6535490.0
08/23/2018,82.430000,83.570000,82.339996,82.910004,82.021614,4156900,-,NaN,76.678884,79.022105,80.237938,6559150.0
08/22/2018,83.099998,83.680000,82.279999,82.639999,81.754509,4308300,-,NaN,76.504770,78.786656,80.074706,6569936.0
08/21/2018,82.309998,83.080002,82.019997,82.949997,82.061188,6337000,-,NaN,76.339560,78.515592,79.862999,6570900.0
08/20/2018,81.519997,82.419998,80.949997,82.180000,81.299438,9345200,-,NaN,76.174151,78.148568,79.623592,6542216.0
08/17/2018,80.040001,80.440002,79.680000,79.750000,78.895477,9001400,-,NaN,76.030111,77.872062,79.359454,6465810.0
08/16/2018,79.900002,80.610001,79.800003,80.050003,79.192268,5475800,-,NaN,75.931381,77.734056,79.259535,6422708.0
08/15/2018,79.570000,79.860001,79.120003,79.570000,78.717407,5057200,-,NaN,75.826516,77.580717,79.121034,6419554.0
08/14/2018,80.330002,80.849998,79.680000,80.139999,79.281296,6079700,-,NaN,75.717299,77.433313,78.920210,6416984.0
08/13/2018,80.820000,81.150002,80.010002,80.150002,79.291199,4101200,-,NaN,75.592451,77.301243,78.600671,6387028.0
08/10/2018,80.820000,81.290001,80.290001,80.730003,79.864983,5036700,-,NaN,75.446235,77.182529,78.186160,6386722.0
08/09/2018,80.489998,81.879997,80.410004,81.260002,80.389290,4558500,-,NaN,75.265591,77.016823,77.806273,6443112.0
08/08/2018,80.209999,81.080002,80.040001,80.500000,79.637444,5327100,-,NaN,75.082946,76.824408,77.498606,6467940.0
08/07/2018,79.730003,80.629997,79.269997,80.529999,79.667114,5418900,-,NaN,74.889490,76.669090,77.168185,6478556.0
08/06/2018,78.739998,79.580002,78.430000,79.510002,78.658058,4280600,-,NaN,74.721683,76.522676,76.673544,6487972.0
08/03/2018,78.730003,78.980003,78.440002,78.739998,77.896294,3762100,-,NaN,74.572675,76.412370,76.384670,6514636.0
08/02/2018,77.769997,79.070000,77.400002,78.650002,77.807259,5313800,-,NaN,74.422329,76.300581,76.208578,6575522.0
08/01/2018,76.500000,78.059998,76.500000,77.540001,76.709160,6878300,-,NaN,74.273172,76.196707,76.040399,6582752.0
07/31/2018,76.440002,77.589996,76.160004,76.910004,76.085915,8265600,-,NaN,74.147358,76.134381,75.946416,6554800.0
07/30/2018,76.879997,76.959999,75.430000,75.959999,75.146080,7275300,-,NaN,74.032825,76.205609,76.001815,6503250.0
07/27/2018,78.169998,78.410004,76.790001,76.889999,76.066116,6125700,-,NaN,73.929592,76.389616,76.178899,6479038.0
07/26/2018,77.000000,78.440002,76.820000,78.150002,77.312622,6706200,-,NaN,73.815849,76.132897,76.227374,6550384.0
07/25/2018,75.239998,77.180000,75.059998,77.160004,76.333237,5542400,-,NaN,73.640872,75.796540,76.150210,6517160.0
07/24/2018,76.849998,77.089996,75.440002,75.529999,74.720695,6054000,-,NaN,73.472461,75.569004,76.169995,6475388.0
07/23/2018,76.709999,76.949997,76.129997,76.589996,75.769325,4198200,-,NaN,73.328211,75.411708,76.371809,6437210.0
07/20/2018,76.309998,77.080002,76.160004,76.959999,76.135368,5246400,-,NaN,73.152926,75.255401,76.440070,6452550.0
07/19/2018,75.930000,77.160004,75.800003,76.949997,76.125473,4875100,-,NaN,72.970912,75.106020,76.392585,6506748.0
07/18/2018,77.430000,77.620003,76.320000,76.589996,75.769325,6101600,-,NaN,72.799158,74.995715,76.353014,6539944.0
07/17/2018,77.510002,78.019997,77.400002,77.470001,76.639908,4355400,-,NaN,72.651891,74.880463,76.322346,6518744.0
07/16/2018,77.360001,78.099998,77.300003,77.750000,76.916916,4755100,-,NaN,72.462745,74.788460,76.409403,6534294.0
07/13/2018,77.199997,77.610001,77.139999,77.379997,76.550865,2963100,-,NaN,72.244383,74.693982,76.600334,6562310.0
07/12/2018,77.940002,78.180000,77.230003,77.370003,76.540985,4879200,-,NaN,72.060176,74.561419,76.038420,6618090.0
07/11/2018,77.129997,77.639999,76.830002,77.360001,76.531090,3656600,-,NaN,71.873009,74.400165,75.442870,6619662.0
07/10/2018,77.440002,78.089996,77.160004,77.570000,76.738838,6281800,-,NaN,71.691762,74.248309,74.968013,6676212.0
07/09/2018,76.839996,77.379997,76.349998,77.279999,76.451935,4871400,-,NaN,71.529445,74.100906,74.451606,6706874.0
07/06/2018,76.480003,77.080002,76.070000,76.480003,75.660515,5916200,-,NaN,71.343073,73.983181,74.070732,6716550.0
07/05/2018,76.620003,77.419998,76.139999,76.550003,75.729767,6534500,-,NaN,71.145301,73.898103,73.819454,6702004.0
07/03/2018,77.410004,77.889999,76.099998,76.279999,75.462646,5794900,-,NaN,70.952063,73.809067,73.638415,6734836.0
07/02/2018,78.580002,79.480003,77.019997,78.349998,77.510475,11867000,-,NaN,70.762392,73.698762,73.438580,6745706.0
06/29/2018,78.760002,81.000000,78.360001,79.680000,78.826225,31314100,-,NaN,70.516177,73.475184,73.167516,6716422.0
06/28/2018,71.449997,72.120003,71.349998,71.699997,70.931725,9118500,-,NaN,70.236544,73.132891,72.787630,6255626.0
06/27/2018,72.730003,72.949997,71.150002,71.349998,70.585487,7624700,-,NaN,70.124074,73.127945,73.084417,6220936.0
06/26/2018,72.500000,73.290001,72.349998,72.559998,71.782516,7072600,-,NaN,70.044376,73.161522,73.357459,6179754.0
06/25/2018,73.320000,73.360001,72.029999,72.349998,71.574768,9064100,-,NaN,69.931859,73.070629,73.528606,6167990.0
06/22/2018,73.570000,74.410004,73.209999,73.430000,72.643196,9404900,-,NaN,69.827245,73.055727,73.750205,6072712.0
06/21/2018,73.699997,74.790001,73.550003,73.940002,73.147736,5537900,-,NaN,69.711523,72.983952,73.895630,5987520.0
06/20/2018,74.199997,74.910004,73.970001,74.720001,73.919373,4424900,-,NaN,69.567163,72.845515,73.976752,5980472.0
06/19/2018,74.500000,74.919998,73.650002,74.260002,73.464302,7562200,-,NaN,69.410725,72.667017,73.979720,6093952.0
06/18/2018,75.279999,75.760002,74.910004,75.610001,74.799835,4515900,-,NaN,69.266940,72.514724,73.958944,6072798.0
06/15/2018,74.709999,75.849998,74.500000,75.839996,75.027367,10977300,-,NaN,69.103744,72.292696,73.782851,6176866.0
06/14/2018,74.599998,75.150002,74.349998,74.699997,73.899590,4636000,-,NaN,68.976248,72.040548,73.478152,6139186.0
06/13/2018,74.269997,74.900002,73.989998,74.110001,73.315910,4696200,-,NaN,68.848223,71.864518,73.171474,6251982.0
06/12/2018,74.419998,74.610001,74.070000,74.290001,73.493980,4356500,-,NaN,68.697935,71.626912,72.965584,6333386.0
06/11/2018,75.059998,75.209999,74.540001,74.589996,73.790764,4902800,-,NaN,68.493180,71.347846,72.612652,6493934.0
06/08/2018,74.779999,75.070000,74.300003,74.900002,74.097443,5524900,-,NaN,68.328265,71.033718,72.361250,6610844.0
06/07/2018,74.949997,75.910004,74.650002,74.760002,73.958954,6846300,-,NaN,68.137486,70.679099,72.072274,6644514.0
06/06/2018,74.379997,74.940002,74.190002,74.750000,73.949051,5318100,-,NaN,67.963880,70.332884,71.714278,6696638.0
06/05/2018,73.610001,74.220001,73.139999,74.050003,73.256546,4928700,-,NaN,67.785145,70.012321,71.354314,6806196.0
06/04/2018,73.000000,73.870003,72.790001,73.830002,73.038910,4581900,-,NaN,67.595201,69.769791,71.070505,7054498.0
06/01/2018,72.120003,72.949997,72.120003,72.760002,71.980377,4085900,-,NaN,67.405468,69.476978,70.802541,7209126.0
05/31/2018,72.000000,72.220001,71.239998,71.800003,70.832802,7856200,-,NaN,67.274985,69.177900,70.602943,7242850.0
05/30/2018,71.459999,72.290001,70.940002,72.230003,71.257011,5799900,-,NaN,67.176332,69.003284,70.557562,7223850.0
05/29/2018,71.519997,71.610001,70.430000,70.919998,69.964661,5857900,-,NaN,67.047688,68.799566,70.288239,7252964.0
05/25/2018,73.099998,73.489998,71.629997,72.250000,71.276741,5889700,-,NaN,66.948838,68.674770,70.083040,7393024.0
05/24/2018,71.430000,72.279999,71.320000,72.180000,71.207687,5613800,-,NaN,66.833217,68.542083,69.706186,7380446.0
05/23/2018,70.949997,71.919998,70.830002,71.339996,70.378998,6806400,-,NaN,66.715228,68.338364,69.285924,7397446.0
05/22/2018,71.459999,72.190002,71.260002,71.309998,70.349403,5675300,-,NaN,66.613221,68.108010,68.951490,7364664.0
05/21/2018,71.480003,71.699997,70.709999,71.379997,70.418457,5480700,-,NaN,66.524631,67.893933,68.670329,7401612.0
05/18/2018,70.760002,71.589996,70.470001,71.320000,70.359268,5688100,-,NaN,66.424400,67.671965,68.469077,7408766.0
05/17/2018,71.400002,71.599998,70.820000,70.940002,69.984398,6064700,-,NaN,66.301873,67.413987,68.151415,7406464.0
05/16/2018,69.669998,71.510002,69.620003,71.339996,70.378998,9693000,-,NaN,66.168297,67.156996,67.752857,7414322.0
05/15/2018,68.309998,69.519997,68.230003,69.500000,68.563782,5045000,-,NaN,66.047940,66.903458,67.449006,7351464.0
05/14/2018,68.599998,68.889999,68.110001,68.839996,67.912666,3453800,-,NaN,65.960139,66.805299,67.310892,7427332.0
05/11/2018,68.029999,68.529999,67.910004,68.430000,67.508202,4145100,-,NaN,65.901934,66.717498,67.266501,7525866.0
05/10/2018,68.139999,68.269997,67.330002,67.919998,67.005066,4965200,-,NaN,65.856356,66.659293,67.377979,7589442.0
05/09/2018,68.419998,68.470001,67.010002,67.949997,67.034660,7956300,-,NaN,65.834808,66.651894,67.390805,7611974.0
05/08/2018,69.199997,69.230003,68.199997,68.459999,67.537796,6534900,-,NaN,65.832338,66.596648,67.264530,7589710.0
05/07/2018,68.059998,69.419998,68.059998,69.339996,68.405937,5041600,-,NaN,65.851673,66.524632,67.117538,7589002.0
05/04/2018,66.839996,68.330002,66.800003,68.099998,67.182648,5132900,-,NaN,65.824336,66.418086,66.874852,7576740.0
05/03/2018,67.800003,67.849998,66.639999,66.900002,65.998817,6155900,-,NaN,65.801203,66.390956,66.676559,7604398.0
05/02/2018,68.040001,68.559998,67.480003,68.260002,67.340485,5752100,-,NaN,65.800173,66.523644,66.561135,7583438.0
05/01/2018,67.980003,68.209999,67.029999,68.099998,67.182648,4957800,-,NaN,65.780965,66.531537,66.357910,7565578.0
04/30/2018,69.580002,69.809998,68.389999,68.389999,67.468750,6484100,-,NaN,65.780847,66.462479,66.299705,7603264.0
04/27/2018,68.470001,70.000000,68.449997,69.559998,68.622986,7814900,-,NaN,65.774810,66.251855,66.168494,7621386.0
04/26/2018,66.779999,68.290001,66.639999,68.050003,67.133324,5355200,-,NaN,65.739197,66.097956,65.940606,7638340.0
04/25/2018,66.839996,67.000000,66.250000,66.669998,65.771912,5188900,-,NaN,65.692265,65.969214,65.912982,7722004.0
04/24/2018,67.309998,67.510002,66.720001,66.970001,66.067871,8176100,-,NaN,65.674725,65.944551,65.928767,7814070.0
04/23/2018,66.000000,67.029999,65.949997,66.879997,65.979080,6338400,-,NaN,65.641627,65.891772,65.931725,7925214.0
04/20/2018,65.750000,66.110001,65.449997,66.089996,65.199722,10402800,-,NaN,65.551292,65.780787,65.961320,8080882.0
04/19/2018,66.029999,66.300003,64.989998,65.730003,64.844574,8274300,-,NaN,65.538310,65.698412,66.105354,8049740.0
04/18/2018,67.529999,67.739998,66.160004,66.199997,65.308235,7384000,-,NaN,65.524367,65.728994,66.486153,8151388.0
04/17/2018,67.370003,67.669998,67.279999,67.510002,66.600594,5565600,-,NaN,65.484824,65.758590,66.705164,8254698.0
04/16/2018,67.809998,67.980003,67.059998,67.059998,66.156647,6484400,-,NaN,65.475102,65.669802,66.625254,8330352.0
04/13/2018,68.120003,68.330002,66.980003,67.250000,66.344101,4300200,-,NaN,65.482718,65.613078,66.335215,8316474.0
04/12/2018,67.070000,68.000000,67.070000,67.769997,66.857086,5145300,-,NaN,65.497797,65.570657,66.255307,8451198.0
04/11/2018,66.580002,67.199997,66.519997,66.830002,65.929756,5185500,-,NaN,65.485109,65.493214,66.025446,8475302.0
04/10/2018,67.809998,67.879997,66.489998,67.000000,66.097458,10098900,-,NaN,65.495886,65.460659,65.960335,8472938.0
04/09/2018,68.389999,68.550003,67.150002,67.180000,66.275032,6504500,-,NaN,65.512358,65.451781,65.851818,8396770.0
04/06/2018,68.510002,69.309998,66.930000,67.550003,66.640053,9719300,-,NaN,65.518787,65.408374,65.600253,8380832.0
04/05/2018,68.500000,69.779999,68.389999,69.589996,68.652573,9093300,-,NaN,65.523619,65.288018,65.291470,8334882.0
04/04/2018,65.970001,68.500000,65.930000,68.419998,67.498337,10275800,-,NaN,65.471284,65.020668,64.971835,8281256.0
04/03/2018,64.470001,66.730003,64.360001,66.699997,65.801498,8766400,-,NaN,65.427281,64.863810,64.812017,8245576.0
04/02/2018,65.970001,66.050003,63.209999,64.120003,63.256260,12383900,-,NaN,65.433345,64.782422,64.714351,8328170.0
03/29/2018,65.699997,66.550003,65.610001,66.440002,65.545013,10748300,-,NaN,65.429333,64.869729,64.890940,8193630.0
03/28/2018,66.589996,67.150002,65.269997,65.440002,64.558479,7208400,-,NaN,65.373645,64.853945,64.886007,8127116.0
03/27/2018,65.889999,67.639999,65.430000,66.169998,65.278648,9452500,-,NaN,65.330015,64.922403,64.960983,8165288.0
03/26/2018,65.080002,66.059998,64.989998,65.900002,65.012283,10796000,-,NaN,65.296571,65.004030,64.960983,8077140.0
03/23/2018,66.699997,67.110001,64.459999,64.629997,63.759384,17343800,-,NaN,65.260980,65.178643,65.051744,7963290.0
03/22/2018,65.599998,66.150002,64.230003,64.419998,63.552219,12313300,-,NaN,65.249069,65.342627,65.216495,7716626.0
03/21/2018,66.730003,67.209999,66.309998,66.349998,65.456223,5772100,-,NaN,65.238745,65.466315,65.284566,7645786.0
03/20/2018,65.940002,66.870003,65.930000,66.800003,65.900162,6906200,-,NaN,65.199389,65.490870,65.069502,7768458.0
03/19/2018,65.699997,66.339996,65.190002,65.709999,64.824837,7255600,-,NaN,65.139941,65.514866,64.915603,7862980.0
03/16/2018,66.309998,66.690002,65.910004,65.910004,65.022148,12860900,-,NaN,65.091378,65.632462,64.850493,7833478.0
03/15/2018,66.489998,66.610001,66.129997,66.389999,65.495689,5260800,-,NaN,65.039656,65.739701,64.848519,7698082.0
03/14/2018,66.650002,66.900002,65.669998,66.199997,65.308235,6463800,-,NaN,NaN,65.807033,64.821882,NaN
03/13/2018,67.300003,67.690002,66.129997,66.169998,65.278648,5167300,-,NaN,NaN,65.780957,64.883823,NaN
03/12/2018,66.650002,67.610001,66.320000,66.820000,65.919891,7522700,-,NaN,NaN,65.761771,65.047077,NaN
03/09/2018,65.510002,66.510002,65.360001,66.300003,65.406898,5838400,-,NaN,NaN,65.686425,65.305543,NaN
03/08/2018,64.559998,65.250000,64.480003,65.110001,64.232925,5573000,-,NaN,NaN,65.489195,65.468758,NaN
03/07/2018,64.510002,64.790001,63.889999,64.169998,63.305588,6457600,-,NaN,NaN,65.505082,65.648064,NaN
03/06/2018,65.209999,65.360001,64.629997,65.239998,64.361168,6550100,-,NaN,NaN,65.547173,65.912238,NaN
03/05/2018,65.480003,65.489998,64.339996,65.050003,64.173737,8838400,-,NaN,NaN,65.495667,66.114129,NaN
03/02/2018,64.910004,66.089996,64.209999,65.889999,65.002411,8380500,-,NaN,NaN,65.592706,66.414431,NaN
03/01/2018,67.239998,67.669998,65.669998,66.320000,65.229317,7323900,-,NaN,NaN,65.669457,66.630882,NaN
02/28/2018,68.099998,68.300003,67.010002,67.029999,65.927643,6091800,-,NaN,NaN,65.762895,66.792184,NaN
02/27/2018,70.000000,70.250000,68.029999,68.029999,66.911194,6843100,-,NaN,NaN,65.777648,66.678092,NaN
02/26/2018,68.389999,69.809998,68.339996,69.650002,68.504547,6499500,-,NaN,NaN,65.755518,66.476464,NaN
02/23/2018,67.389999,68.160004,66.849998,68.160004,67.039055,4428500,-,NaN,NaN,65.676343,66.067307,NaN
02/22/2018,67.250000,67.480003,66.739998,67.129997,66.025986,6515800,-,NaN,NaN,65.654213,65.509632,NaN
02/21/2018,67.660004,68.019997,67.029999,67.050003,65.947319,5107900,-,NaN,NaN,65.696998,65.362099,NaN
02/20/2018,67.639999,67.970001,67.050003,67.489998,66.380081,4859100,-,NaN,NaN,65.701424,65.182108,NaN
02/16/2018,67.900002,69.000000,67.739998,68.300003,67.176758,6842100,-,NaN,NaN,65.647328,64.877205,NaN
02/15/2018,68.389999,68.760002,67.250000,68.290001,67.166924,7390200,-,NaN,NaN,65.593725,64.770981,NaN
02/14/2018,65.720001,68.029999,65.550003,67.959999,66.842339,8662600,-,NaN,NaN,65.388162,64.708033,NaN
02/13/2018,65.849998,66.230003,65.430000,65.870003,64.786720,9538400,-,NaN,NaN,65.184075,64.733606,NaN
02/12/2018,65.940002,66.820000,65.680000,65.980003,64.894913,9792200,-,NaN,NaN,65.063589,64.877204,NaN
02/09/2018,63.759998,66.050003,62.840000,65.489998,64.412971,13733300,-,NaN,NaN,64.999166,65.034572,NaN
02/08/2018,65.529999,65.709999,62.459999,62.490002,61.462307,14121800,-,NaN,NaN,64.940153,65.285379,NaN
02/07/2018,65.150002,66.839996,65.099998,65.629997,64.550659,8845700,-,NaN,NaN,65.025230,65.798795,NaN
02/06/2018,62.480000,65.419998,62.090000,65.220001,64.147408,13356700,-,NaN,NaN,64.949497,66.031898,NaN
02/05/2018,66.629997,67.209999,64.389999,64.389999,63.331055,12549500,-,NaN,NaN,64.916548,66.220740,NaN
02/02/2018,67.220001,67.790001,67.000000,67.220001,66.114517,9348300,-,NaN,NaN,64.896385,66.417451,NaN
02/01/2018,67.669998,67.970001,66.699997,67.650002,66.537437,5790500,-,NaN,NaN,64.710493,66.416469,NaN
01/31/2018,67.500000,68.830002,67.470001,68.220001,67.098068,11036400,-,NaN,NaN,64.505423,66.068291,NaN
01/30/2018,67.500000,68.309998,67.160004,67.330002,66.222702,6350500,-,NaN,NaN,NaN,65.634544,NaN
01/29/2018,67.820000,68.139999,67.419998,67.580002,66.468597,5067300,-,NaN,NaN,NaN,65.249974,NaN
01/26/2018,68.199997,68.639999,67.919998,68.040001,66.921036,6290500,-,NaN,NaN,NaN,64.963760,NaN
01/25/2018,68.129997,68.639999,67.449997,67.709999,66.596466,5707600,-,NaN,NaN,NaN,64.594927,NaN
01/24/2018,67.339996,68.180000,67.070000,68.000000,66.881691,7421800,-,NaN,NaN,NaN,64.251666,NaN
01/23/2018,66.529999,67.330002,66.440002,67.139999,66.035828,6412000,-,NaN,NaN,NaN,63.867096,NaN
01/22/2018,66.550003,66.830002,65.760002,66.389999,65.298172,8491800,-,NaN,NaN,NaN,63.612356,NaN
01/19/2018,65.309998,67.239998,65.120003,67.209999,66.104691,12896100,-,NaN,NaN,NaN,63.375319,NaN
01/18/2018,64.000000,64.209999,63.540001,64.110001,63.055660,5656900,-,NaN,NaN,NaN,63.004518,NaN
01/17/2018,63.669998,64.010002,63.080002,63.810001,62.760593,7422600,-,NaN,NaN,NaN,62.942554,NaN
01/16/2018,64.779999,65.360001,63.369999,63.419998,62.377010,9117000,-,NaN,NaN,NaN,NaN,NaN
01/12/2018,64.500000,64.720001,64.320000,64.669998,63.606453,5045100,-,NaN,NaN,NaN,NaN,NaN
01/11/2018,64.029999,64.309998,63.779999,64.290001,63.232704,5103500,-,NaN,NaN,NaN,NaN,NaN
01/10/2018,63.880001,64.230003,63.439999,64.220001,63.163860,5010600,-,NaN,NaN,NaN,NaN,NaN
01/09/2018,64.230003,64.720001,63.470001,64.089996,63.035988,8771300,-,NaN,NaN,NaN,NaN,NaN
01/08/2018,64.150002,64.709999,63.980000,64.550003,63.488430,11905700,-,NaN,NaN,NaN,NaN,NaN
01/05/2018,63.700001,64.300003,63.470001,63.980000,62.927799,11632300,-,NaN,NaN,NaN,NaN,NaN
01/04/2018,63.400002,63.549999,62.549999,63.439999,62.396679,5780500,-,NaN,NaN,NaN,NaN,NaN
01/03/2018,63.480000,63.660000,62.759998,63.480000,62.436024,6091100,-,NaN,NaN,NaN,NaN,NaN
